{
	"axis_max" : 2.7974859476089478,
	"axis_min" : -3.3255469799041748,
	"bounding_polygon" : 
	[
		[ 1.6669516963825175, 0.4315042170814396, 0.0 ],
		[ 1.5223532660177119, -1.5052907592775475, 0.0 ],
		[ 0.16040609383919369, -1.4036096714389423, 0.0 ],
		[ 0.30500452420399926, 0.53318530492004457, 0.0 ]
	],
	"class_name" : "SelectionPolygonVolume",
	"orthogonal_axis" : "Z",
	"version_major" : 1,
	"version_minor" : 0
}